amir,3721E1A2AD55F5AC10498A98A9069121BE19EA3363CF44F18F10008728C360AD
omid,519BA91A5A5B4AFB9DC66F8805CE8C442B6576316C19C6896AF2FA9BDA6AFF71
ahsan,07D046D5FAC12B3F82DAF5035B9AAE86DB5ADC8275EBFBF05EC83005A4A8BA3E
asad,4221A0FC3DFBFD830DC3A13F6C72D233781179BEA27DF532FF903F3ABDBA5586
amirgi73,60A0F78B507F6249A6E29EEE34F3F2940188B0B995715A82A03469F5D1586275
test,DD56DE4137951D9C92681B03416EC15F886B4482A27E3A517D32F085244CBE5D
admin,B7FC6EAAE1BC7D072AF23FD0DDB91BCDB21C9252231A7D0A6A93804883D7198B
shit,F748D0C7D58EAF6F47571C846FDDCE9528F64DA78A49FBC1223AF3891FBCB78D
another_test,31611159E7E6FF7843EA4627745E89225FC866621CFCFDBD40871AF4413747CC
hits,EAB18A7EBE4A09E361FF2DE6C14E0418FE9446403DE8ABB1DA6B0BAA9669A522
user,461F09556C26F2100AAAC02B36FB3B73303BD9F884A937F7C983E1E5C1148A48
default,CA700C8AA0B8566B842C86C4C1CE298B8D8E62F1A91D4698DC0F6D468AC399E1
home,C812B846BD8B54CFDF715FF2627B263A70E25CC7039E6385C0C93D2B77BDB6D4
my_user,9BD2EF7A9DDBB22386F27F5F6885F8EEEF6CDF57E96BBDEF0F9E0421F1EC4654
